Model,Feature Type,Train Accuracy,Test Accuracy,Training Time (s),Overfitting
Logistic Regression,TF-IDF,0.9689229459344402,0.9630102040816326,0.04621100425720215,0.005912741852807546
Random Forest,Count,0.9998580956435362,0.9336734693877551,0.9035954475402832,0.06618462625578114
Naive Bayes,Count,0.9406839789981553,0.9209183673469388,0.011819124221801758,0.019765611651216486
Decision Tree,TF-IDF,0.9998580956435362,0.9196428571428571,0.5691330432891846,0.08021523850067913
SVM,Count,0.6486448133957713,0.6505102040816326,5.857606887817383,-0.0018653906858613345
KNN,TF-IDF,0.46388534127997727,0.43112244897959184,1.8875882625579834,0.03276289230038543
